OP016_budget_share_tier,N,HDDS_Mean,HDDS_SD,Diet_Diverse_Pct,F_statistic,p_value,eta_squared,significant
High,41,6.44,2.53,0,0.9339190660972062,0.3958246000818213,0.015202010229762409,No
Low,41,6.9,2.46,0,0.9339190660972062,0.3958246000818213,0.015202010229762409,No
Medium,42,7.21,2.79,0,0.9339190660972062,0.3958246000818213,0.015202010229762409,No
