Variable,N,Mean,SD,Min,Q25,Median,Q75,Max
Food Expenditure (VND),106,2422908.2924528304,4500616.925934966,9.0,200.0,110000.0,3000000.0,20000000.0
