Activity,N Households,Percent
Receive,110.0,51.4018691588785
Give,119.0,55.60747663551402
Noexchange,37.0,17.289719626168225
