Product Type,N Vendors,Percent
processed,124,53.91304347826087
whole,106,46.08695652173913
