Activity,N,Percent
receive,110.0,51.4018691588785
give,119.0,55.60747663551402
noexchange,37.0,17.289719626168225
