OP011_accessibility_tier,N,HDDS_Mean,HDDS_SD,Diet_Diverse_Pct,t_statistic,p_value,cohens_d,significant,Analysis,OP016_budget_share_tier,F_statistic,eta_squared,OP025_neighborhood_safety_tier
Close,88,7.02,2.78,0,-0.1106726911502117,0.9120562841818136,-0.0216846930439197,No,A_Accessibility,,,,
Far,37,7.08,2.45,0,-0.1106726911502117,0.9120562841818136,-0.0216846930439197,No,A_Accessibility,,,,
,41,6.44,2.53,0,,0.3958246000818213,,No,B_Affordability,High,0.9339190660972062,0.0152020102297624,
,41,6.9,2.46,0,,0.3958246000818213,,No,B_Affordability,Low,0.9339190660972062,0.0152020102297624,
,42,7.21,2.79,0,,0.3958246000818213,,No,B_Affordability,Medium,0.9339190660972062,0.0152020102297624,
,106,6.24,2.89,0,-2.578092024782449,0.010836317200617,-0.4259013106314335,Yes,C_Safety,,,,High
,56,7.43,2.62,0,-2.578092024782449,0.010836317200617,-0.4259013106314335,Yes,C_Safety,,,,Low
